ABBEYARD;3737;31
ABBOTSFORD;3067;5857
ABERFELDIE;3039;4
ABERFELDIE;3040;1965
ABERFELDY;3825;41
ACHERON;3714;144
ADA;3833;2
ADAMS ESTATE;3984;122
ADDINGTON;3352;53
ADELAIDE LEAD;3465;110
AGNES;3962;71
AIRE VALLEY;3237;16
AIREYS INLET;3231;1320
AIRLY;3851;103
AIRPORT WEST;3042;5085
ALBACUTYA;3424;7
ALBANVALE;3021;1971
ALBERT PARK;3206;3786
ALBERTON;3971;258
ALBERTON WEST;3971;76
ALBION;3020;2904
ALEXANDRA;3714;1850
ALFREDTON;3350;4317
ALLAMBEE;3823;55
ALLAMBEE RESERVE;3871;49
ALLAMBEE SOUTH;3871;49
ALLANS FLAT;3691;168
ALLANSFORD;3277;805
ALLENDALE;3364;120
ALLESTREE;3305;131
ALMA;3465;152
ALMONDS;3727;34
ALMURTA;3979;67
ALPHINGTON;3078;2956
ALTONA;3018;7224
ALTONA MEADOWS;3028;8817
ALTONA NORTH;3025;6171
ALVIE;3249;93
AMHERST;3371;143
AMOR;3825;10
AMPHITHEATRE;3468;419
ANAKIE;3212;441
ANCONA;3715;119
ANDERSON;3995;29
ANGLERS REST;3898;59
ANGLESEA;3230;3486
ANNUELLO;3549;77
ANTWERP;3414;93
APOLLO BAY;3233;2548
APPIN;3579;45
APPIN SOUTH;3579;63
APSLEY;3319;380
ARAPILES;3409;28
ARARAT;3377;4900
ARAWATA;3951;70
ARBUCKLE;3858;2
ARCADIA;3631;182
ARCADIA SOUTH;3631;101
ARCHDALE;3475;66
ARCHDALE JUNCTION;3475;27
ARCHERTON;3723;36
ARCHIES CREEK;3995;41
ARDEER;3022;1494
ARDMONA;3629;239
AREEGRA;3480;72
ARGYLE;3523;202
ARMADALE;3143;6464
ARMSTRONG;3377;100
ARMSTRONG CREEK;3217;1462
ARNOLD;3551;84
ARNOLD WEST;3551;42
ARTHURS CREEK;3099;206
ARTHURS SEAT;3936;326
ASCOT (BALLARAT);3364;72
ASCOT (BENDIGO);3551;872
ASCOT VALE;3032;8526
ASHBOURNE;3442;150
ASHBURTON;3147;3734
ASHWOOD;3147;3671
ASPENDALE;3195;3244
ASPENDALE GARDENS;3195;2457
ATHLONE;3818;84
ATTWOOD;3049;1171
AUBREY;3393;48
AUCHMORE;3570;26
AVALON;3212;154
AVENEL;3664;751
AVOCA;3467;1040
AVON PLAINS;3477;52
AVONDALE HEIGHTS;3034;5267
AVONMORE;3559;103
AVONSLEIGH;3782;348
AXE CREEK;3551;216
AXEDALE;3551;548
AYRFORD;3268;26
BACCHUS MARSH;3340;3852
BADDAGINNIE;3670;284
BADGER CREEK;3777;707
BAEL BAEL;3579;41
BAGSHOT;3551;155
BAGSHOT NORTH;3551;60
BAHGALLAH;3312;94
BAILIESTON;3608;209
BAIRNSDALE;3875;5946
BAKERY HILL;3350;309
BALACLAVA;3183;3697
BALD HILLS;3364;82
BALINTORE;3249;53
BALLAN;3342;1925
BALLANGEICH;3279;88
BALLAPUR;3483;28
BALLARAT CENTRAL;3350;4822
BALLARAT EAST;3350;3380
BALLARAT NORTH;3350;2247
BALLENDELLA;3561;98
BALLIANG;3340;206
BALLIANG EAST;3340;80
BALLYROGAN;3375;74
BALMATTUM;3666;152
BALMORAL;3407;337
BALNARRING;3926;1215
BALNARRING BEACH;3926;461
BALOOK;3971;35
BALWYN;3103;7487
BALWYN NORTH;3104;9167
BAMAWM;3561;397
BAMAWM EXTENSION;3564;167
BAMBRA;3241;127
BAMGANIE;3333;25
BANDIANA;3691;239
BANGERANG;3393;153
BANGHOLME;3175;257
BANKSIA PENINSULA;3875;49
BANNERTON;3549;237
BANNOCKBURN;3331;2324
BANYAN;3485;56
BANYENA;3388;72
BARANDUDA;3691;944
BARFOLD;3444;88
BARINGHUP;3463;200
BARINGHUP WEST;3463;44
BARJARG;3723;123
BARKERS CREEK;3451;288
BARKLY;3384;179
BARKSTEAD;3364;33
BARMAH;3639;284
BARNADOWN;3557;23
BARNAWARTHA;3688;519
BARNAWARTHA NORTH;3691;140
BAROMI;3871;73
BARONGAROOK;3249;260
BARONGAROOK WEST;3249;165
BARRABOOL;3221;110
BARRAKEE;3525;25
BARRAMUNGA;3249;168
BARRAPORT;3537;96
BARRAPORT WEST;3537;30
BARRYS REEF;3458;63
BARUNAH PARK;3329;28
BARUNAH PLAINS;3329;9
BARWIDGEE;3737;86
BARWITE;3722;229
BARWON DOWNS;3243;276
BARWON HEADS;3227;2788
BASALT;3460;21
BASS;3991;253
BATESFORD;3213;406
BATHUMI;3730;64
BAW BAW;3833;14
BAW BAW VILLAGE;3833;69
BAXTER;3911;1140
BAYINDEEN;3375;24
BAYLES;3981;265
BAYNTON;3444;85
BAYNTON EAST;3444;15
BAYSWATER;3153;9153
BAYSWATER NORTH;3153;5321
BEACONSFIELD;3807;2875
BEACONSFIELD UPPER;3808;1086
BEALIBA;3475;450
BEARII;3641;187
BEARS LAGOON;3517;96
BEAUCHAMP;3579;78
BEAUFORT;3373;1282
BEAUMARIS;3193;6396
BEAZLEYS BRIDGE;3477;63
BEEAC;3251;352
BEECH FOREST;3237;356
BEECHWORTH;3747;2851
BEENAK;3139;40
BELGRAVE;3160;1815
BELGRAVE HEIGHTS;3160;541
BELGRAVE SOUTH;3160;643
BELL PARK;3215;2998
BELL POST HILL;3215;2434
BELLARINE;3223;108
BELLBIRD CREEK;3889;5
BELLBRAE;3228;509
BELLBRIDGE;3691;209
BELLELLEN;3381;38
BELLFIELD (GRAMPIANS);3381;6
BELLFIELD (GREATER MELBOURNE);3081;886
BELLS BEACH;3228;95
BELMONT;3216;8109
BEMM RIVER;3889;195
BENA;3946;187
BENALLA;3672;6915
BENAMBRA;3900;657
BENAYEO;3319;99
BEND OF ISLANDS;3097;133
BENDIGO;3550;5701
BENDOC;3888;401
BENGWORDEN;3875;103
BENJEROOP;3579;71
BENLOCH;3435;116
BENNISON;3960;31
BENTLEIGH;3204;8874
BENTLEIGH EAST;3165;13432
BENWERRIN;3235;57
BEREMBOKE;3342;114
BERRIMAL;3518;67
BERRINGA;3351;212
BERRINGAMA;3691;115
BERRIWILLOCK;3531;234
BERRYBANK;3323;65
BERRYS CREEK;3953;102
BERWICK;3806;19465
BESSIEBELLE;3304;224
BET BET;3472;168
BETE BOLONG;3888;100
BETE BOLONG NORTH;3888;50
BETHANGA;3691;402
BETLEY;3472;84
BEULAH;3395;570
BEVERFORD;3590;168
BEVERIDGE;3753;1077
BIG DESERT;3490;31
BIG HILL (BENDIGO);3555;151
BIG HILL (LORNE);3231;44
BIG PATS CREEK;3799;50
BIGGARA;3707;77
BILLABONG;3858;6
BIMBOURIE;3533;25
BINDI;3896;110
BINGINWARRI;3966;150
BINGO MUNJIE;3898;14
BIRCHIP;3483;574
BIRCHIP WEST;3483;27
BIRDWOODTON;3505;337
BIRREGURRA;3242;675
BITTERN;3918;1794
BLACK HILL;3350;1161
BLACK RANGE;3381;157
BLACK ROCK;3193;3898
BLACKBURN;3130;8240
BLACKBURN NORTH;3130;3415
BLACKBURN SOUTH;3130;5064
BLACKHEATH;3401;44
BLACKWARRY;3844;47
BLACKWOOD;3458;519
BLAIRGOWRIE;3942;4138
BLAKEVILLE;3342;53
BLAMPIED;3364;159
BLIND BIGHT;3980;505
BLOWHARD;3352;69
BO PEEP;3351;25
BOBINAWARRAH;3678;96
BOCHARA;3301;75
BOGONG;3699;68
BOHO;3669;119
BOHO SOUTH;3669;99
BOIGBEAT;3531;41
BOINKA;3490;119
BOISDALE;3860;240
BOLANGUM;3387;9
BOLINDA;3432;104
BOLTON;3546;58
BOLWARRA;3305;371
BOLWARRAH;3352;62
BONA VISTA;3820;59
BONANG;3888;220
BONBEACH;3196;3647
BONEGILLA;3691;205
BONEO;3939;241
BONN;3561;68
BONNIE DOON;3720;1027
BONSHAW;3352;83
BOOKAAR;3260;121
BOOLA;3825;20
BOOLARONG;3960;17
BOOLARRA;3870;643
BOOLARRA SOUTH;3870;111
BOOLE POOLE;3880;73
BOOLITE;3392;73
BOOMAHNOOMOONAH;3728;31
BOONAH;3235;27
BOORCAN;3265;93
BOORHAMAN;3678;131
BOORHAMAN EAST;3678;32
BOORHAMAN NORTH;3685;48
BOOROLITE;3723;143
BOOROOL;3953;34
BOORT;3537;771
BOOSEY;3730;91
BORALMA;3682;53
BORNES HILL;3379;61
BORONIA;3155;12986
BORUNG;3518;128
BOSTOCKS CREEK;3260;62
BOTANIC RIDGE;3977;1456
BOUNDARY BEND;3599;114
BOWENVALE;3465;177
BOWEYA;3675;53
BOWEYA NORTH;3675;50
BOWMANS FOREST;3735;112
BOWSER;3678;19
BOX HILL;3128;8254
BOX HILL NORTH;3129;6277
BOX HILL SOUTH;3128;4513
BOXWOOD;3725;31
BRADFORD;3463;27
BRADVALE;3361;58
BRAESIDE;3195;1724
BRANDY CREEK;3821;47
BRANXHOLME;3302;432
BRAVINGTON;3821;9
BRAYBROOK;3019;4469
BREAKAWAY CREEK;3303;86
BREAKWATER;3219;995
BREAMLEA;3227;125
BRENANAH;3517;101
BREWSTER;3352;37
BRIAGOLONG;3860;762
BRIAR HILL;3088;1744
BRIDGE CREEK;3723;120
BRIDGEWATER;3516;222
BRIDGEWATER NORTH;3516;67
BRIDGEWATER ON LODDON;3516;256
BRIGHT;3741;2367
BRIGHTON;3186;14489
BRIGHTON EAST;3187;7990
BRIM;3391;239
BRIMBOAL;3312;23
BRIMIN;3685;64
BRIMPAEN;3401;145
BRINGALBERT;3319;52
BRIT BRIT;3315;32
BROADFORD;3658;2296
BROADLANDS;3875;11
BROADMEADOWS;3047;5754
BROADWATER;3301;83
BRODRIBB RIVER;3888;121
BROKEN CREEK;3673;34
BROMLEY;3472;78
BROOKFIELD;3338;3753
BROOKLYN;3012;1795
BROOKVILLE;3896;45
BROOMFIELD;3364;127
BROUGHTON;3418;88
BROWN HILL;3350;1936
BROWNS PLAINS;3685;111
BRUARONG;3749;158
BRUCKNELL;3268;74
BRUMBY;3885;15
BRUNSWICK;3056;16184
BRUNSWICK EAST;3057;6795
BRUNSWICK WEST;3055;9767
BRUTHEN;3885;597
BUANGOR;3375;183
BUCHAN;3885;429
BUCHAN SOUTH;3885;178
BUCKLAND;3740;226
BUCKLEY;3240;125
BUCKLEY SWAMP;3301;36
BUCKRABANYULE;3525;136
BUDGEE BUDGEE;3862;3
BUDGEREE;3870;113
BUDGERUM EAST;3579;7
BUFFALO;3958;225
BUFFALO RIVER;3737;215
BULART;3314;91
BULDAH;3890;38
BULGA;3586;28
BULGANA;3377;51
BULLA;3428;342
BULLAHARRE;3266;13
BULLAROOK;3352;83
BULLARTO;3461;88
BULLARTO SOUTH;3461;63
BULLEEN;3105;5342
BULLENGAROOK;3437;295
BULLIOH;3700;88
BULLUMWAAL;3875;82
BULN BULN;3821;227
BULN BULN EAST;3821;104
BUMBERRAH;3902;48
BUNBARTHA;3634;189
BUNDALAGUAH;3851;122
BUNDALONG;3730;618
BUNDALONG SOUTH;3730;56
BUNDARA;3898;2
BUNDING;3342;72
BUNDOORA;3083;12468
BUNG BONG;3465;151
BUNGADOR;3260;52
BUNGAL;3334;58
BUNGALALLY;3401;106
BUNGAREE;3352;192
BUNGEET;3726;15
BUNGEET WEST;3726;39
BUNGIL;3691;26
BUNGULUKE;3527;41
BUNINYONG;3357;1837
BUNKERS HILL;3352;125
BUNYIP;3815;1374
BUNYIP NORTH;3815;54
BURAGWONDUC;3858;2
BURKES BRIDGE;3568;21
BURKES FLAT;3475;56
BURNBANK;3371;77
BURNEWANG;3558;40
BURNLEY;3121;742
BURNSIDE;3023;1769
BURNSIDE HEIGHTS;3023;1881
BURRAMBOOT;3559;126
BURRAMINE;3730;165
BURRAMINE SOUTH;3730;54
BURROWYE;3709;96
BURRUMBEET;3352;183
BURWOOD;3125;7686
BURWOOD EAST;3151;4817
BUSHFIELD;3281;258
BUSHY PARK;3860;46
BUTCHERS RIDGE;3885;40
BUXTON;3711;471
BYADUK;3301;203
BYADUK NORTH;3300;126
BYAWATHA;3678;160
BYLANDS;3762;86
BYRNESIDE;3617;115
CABARITA;3505;214
CABBAGE TREE;3364;14
CABBAGE TREE CREEK;3889;152
CADELLO;3442;24
CAIRNLEA;3023;3028
CALDER PARK;3037;10
CALDERMEADE;3984;115
CALIFORNIA GULLY;3556;2331
CALIVIL;3573;195
CALLAWADDA;3387;124
CALLIGNEE;3844;209
CALLIGNEE NORTH;3844;31
CALLIGNEE SOUTH;3844;15
CALROSSIE;3971;22
CALULU;3875;98
CAMBARVILLE;3779;13
CAMBERWELL;3124;11960
CAMBRIAN HILL;3352;128
CAMPBELLFIELD;3061;5853
CAMPBELLS BRIDGE;3387;76
CAMPBELLS CREEK;3451;1183
CAMPBELLS FOREST;3556;57
CAMPBELLTOWN;3364;110
CAMPERDOWN;3260;2159
CANADIAN;3350;1977
CANARY ISLAND;3537;28
CANIAMBO;3630;121
CANN RIVER;3890;301
CANNIE;3540;40
CANNONS CREEK;3977;304
CANNUM;3393;96
CANTERBURY;3126;4039
CAPE BRIDGEWATER;3305;234
CAPE CLEAR;3351;140
CAPE CONRAN;3888;14
CAPE OTWAY;3233;53
CAPE PATERSON;3995;1282
CAPE SCHANCK;3939;581
CAPE WOOLAMAI;3925;1944
CAPELS CROSSING;3579;50
CARAG CARAG;3623;72
CARALULUP;3371;30
CARAMUT;3274;245
CARAPOOEE;3477;148
CARAPOOEE WEST;3477;49
CARAPOOK;3312;68
CARBOOR;3678;127
CARDIGAN;3352;365
CARDIGAN VILLAGE;3352;234
CARDINIA;3978;193
CARDROSS;3496;490
CARGERIE;3334;24
CARINA;3512;56
CARINGAL;3825;68
CARISBROOK;3464;813
CARLISLE RIVER;3239;397
CARLSRUHE;3442;223
CARLTON;3053;13345
CARLTON NORTH;3054;3873
CARLYLE;3685;89
CARNEGIE;3163;11543
CARNGHAM;3351;115
CAROLINE SPRINGS;3023;8588
CARPENDEIT;3260;97
CARRAJUNG;3844;121
CARRAJUNG LOWER;3844;112
CARRAJUNG SOUTH;3844;34
CARRANBALLAC;3361;47
CARRON;3480;27
CARRUM;3197;2633
CARRUM DOWNS;3201;10916
CARWARP;3494;171
CASHMORE;3305;148
CASSILIS;3898;56
CASTELLA;3777;155
CASTERTON;3311;1404
CASTLE CREEK;3691;37
CASTLE DONNINGTON;3585;94
CASTLEMAINE;3450;4880
CATANI;3981;173
CATHCART;3377;103
CATHKIN;3714;36
CATUMNAL;3537;30
CAULFIELD;3162;3396
CAULFIELD EAST;3145;972
CAULFIELD NORTH;3161;9688
CAULFIELD SOUTH;3162;6492
CAVEAT;3660;76
CAVENDISH;3314;369
CERES;3221;124
CHADSTONE;3148;4642
CHANDLERS CREEK;3890;54
CHAPEL FLAT;3352;4
CHAPPLE VALE;3239;125
CHARAM;3318;88
CHARLEMONT;3217;147
CHARLEROI;3695;58
CHARLTON;3525;1016
CHATSWORTH;3379;106
CHELSEA;3196;5330
CHELSEA HEIGHTS;3196;2269
CHELTENHAM;3192;13992
CHEPSTOWE;3351;68
CHEROKEE;3434;42
CHERRYPOOL;3401;13
CHESHUNT;3678;204
CHESHUNT SOUTH;3678;8
CHESNEY VALE;3725;124
CHETWYND;3312;252
CHEWTON;3451;647
CHEWTON BUSHLANDS;3451;53
CHILDERS;3824;72
CHILLINGOLLAH;3585;56
CHILTERN;3683;1120
CHILTERN VALLEY;3683;88
CHINANGIN;3544;25
CHINKAPOOK;3546;142
CHINTIN;3756;48
CHIRNSIDE PARK;3116;4754
CHIRRIP;3525;18
CHOCOLYN;3260;47
CHRISTMAS HILLS;3775;260
CHUM CREEK;3777;484
CHURCHILL;3842;2544
CHURCHILL ISLAND;3925;1
CHUTE;3373;51
CLARENDON;3352;105
CLARETOWN;3352;32
CLARINDA;3169;3120
CLARKEFIELD;3430;177
CLARKES HILL;3352;58
CLAYTON;3168;9950
CLAYTON SOUTH;3169;6807
CLEAR LAKE;3409;121
CLEMATIS;3782;152
CLIFTON CREEK;3875;145
CLIFTON HILL;3068;3555
CLIFTON SPRINGS;3222;3906
CLONBINANE;3658;240
CLOVER FLAT;3315;28
CLOVERLEA;3822;88
CLUB TERRACE;3889;261
CLUNES;3370;1492
CLYDE;3978;932
CLYDE NORTH;3978;3567
CLYDEBANK;3851;139
CLYDESDALE;3461;79
COALVILLE;3825;69
COBAINS;3851;165
COBAW;3442;47
COBBANNAH;3862;71
COBBERAS;3900;7
COBDEN;3266;1086
COBRAM;3644;3840
COBRAM EAST;3644;134
COBRICO;3266;72
COBUNGRA;3898;180
COBURG;3058;14088
COBURG NORTH;3058;5047
COCAMBA;3546;34
COCHRANES CREEK;3475;47
COCKATOO;3781;1877
COCOROC;3030;16
CODRINGTON;3285;74
COGHILLS CREEK;3364;51
COHUNA;3568;1580
COIMADAI;3340;228
COKUM;3542;19
COLAC;3250;5505
COLAC COLAC;3707;51
COLAC EAST;3249;1
COLAC EAST;3250;256
COLAC WEST;3250;114
COLBINABBIN;3559;289
COLBROOK;3342;32
COLDSTREAM;3770;996
COLERAINE;3315;953
COLIGNAN;3494;172
COLLINGWOOD;3066;6126
COMBIENBAR;3889;89
CONCONGELLA;3377;1
CONCONGELLA;3384;164
CONDAH;3303;154
CONDAH SWAMP;3286;11
CONGUPNA;3633;276
CONNEWARRE;3227;539
CONNEWIRRICOO;3318;54
COOJAR;3315;34
COOLAROO;3048;1703
COOMA;3616;64
COOMBOONA;3629;78
COOMOORA;3461;174
COONGULLA;3860;403
COONOOER BRIDGE;3477;90
COONOOER WEST;3477;36
COOPERS CREEK;3825;34
COORIEMUNGLE;3268;228
COPE COPE;3480;140
CORA LYNN;3814;148
CORACK;3480;32
CORACK EAST;3480;35
CORAGULAC;3249;114
CORAL BANK;3691;67
CORINDHAP;3352;136
CORINELLA;3984;832
CORIO;3214;8431
CORNDALE;3311;77
CORNELLA;3551;90
CORNISHTOWN;3683;110
CORONET BAY;3984;1001
COROP;3559;291
COROROOKE;3254;180
CORRINGLE;3888;51
CORRYONG;3707;1052
CORUNNUN;3249;81
COSGROVE;3631;71
COSGROVE SOUTH;3631;65
COSTERFIELD;3523;157
COTSWOLD;3465;32
COTTLES BRIDGE;3099;253
COWA;3862;12
COWANGIE;3506;176
COWES;3922;7366
COWLEYS CREEK;3268;25
COWWARR;3857;272
CRAIGIE;3465;65
CRAIGIEBURN;3064;18219
CRANBOURNE;3977;9624
CRANBOURNE EAST;3977;5971
CRANBOURNE NORTH;3977;6921
CRANBOURNE SOUTH;3977;651
CRANBOURNE WEST;3977;5664
CREEK JUNCTION;3669;47
CREIGHTONS CREEK;3666;124
CREMORNE;3121;1819
CRESSY;3322;257
CRESWICK;3363;2345
CRESWICK NORTH;3363;31
CRIB POINT;3919;1977
CROOKAYAN;3858;1
CROOKED RIVER;3862;53
CROSS ROADS;3373;26
CROSSLEY;3283;154
CROSSOVER;3821;84
CROWLANDS;3377;125
CROXTON EAST;3301;99
CROYDON;3136;15745
CROYDON HILLS;3136;1747
CROYDON NORTH;3136;3500
CROYDON SOUTH;3136;2314
CRYMELON;3393;80
CUDGEE;3265;124
CUDGEWA;3705;326
CULGOA;3530;178
CULLA;3315;46
CULLEN;3568;44
CULLULLERAINE;3496;81
CUNDARE;3251;19
CUNDARE NORTH;3251;39
CURDIES RIVER;3268;23
CURDIEVALE;3268;111
CURLEWIS;3222;884
CURYO;3483;99
DADSWELLS BRIDGE;3385;93
DAISY HILL;3465;264
DALES CREEK;3341;199
DALLAS;3047;2538
DALMORE;3981;107
DALTONS BRIDGE;3568;47
DALYENONG;3477;53
DALYSTON;3992;656
DANDENONG;3175;19313
DANDENONG NORTH;3175;9629
DANDENONG SOUTH;3175;5240
DANDONGADALE;3737;46
DARGO;3862;449
DARLEY;3340;3807
DARLIMURLA;3871;54
DARLINGTON;3271;106
DARNUM;3822;366
DARRAWEIT GUIM;3756;212
DARRIMAN;3851;48
DARTMOOR;3304;1066
DARTMOUTH;3701;208
DAWSON;3858;56
DAYLESFORD;3460;2742
DEAN;3363;101
DEANS MARSH;3235;263
DEDDICK VALLEY;3888;63
DEDERANG;3691;161
DEEP LEAD;3385;207
DEEPDENE;3103;1131
DEER PARK;3023;7687
DELACOMBE;3356;3376
DELAHEY;3037;3302
DELATITE;3723;12
DELBURN;3871;38
DELEGATE RIVER;3888;71
DENICULL CREEK;3377;64
DENISON;3858;288
DENNINGTON;3280;912
DENVER;3461;118
DEPTFORD;3875;42
DERBY;3516;32
DEREEL;3352;530
DERGHOLM;3312;204
DERRIMUT;3030;3526
DERRINAL;3523;133
DERRINALLUM;3325;366
DEVENISH;3726;185
DEVILS RIVER;3714;37
DEVON MEADOWS;3977;645
DEVON NORTH;3971;249
DEWHURST;3808;65
DHURRINGILE;3610;146
DIAMOND CREEK;3089;4964
DIGBY;3309;195
DIGGERS REST;3427;1299
DIGGORA;3561;138
DIMBOOLA;3414;1515
DINGEE;3571;197
DINGLEY VILLAGE;3172;4600
DINGWALL;3579;134
DINNER PLAIN;3898;680
DIXIE;3265;77
DIXONS CREEK;3775;213
DOBIE;3377;55
DOCKER;3678;81
DOCKERS PLAINS;3678;56
DOCKLANDS;3008;10782
DOCTORS FLAT;3895;25
DOLLAR;3871;55
DON VALLEY;3139;489
DONALD;3480;1201
DONCASTER;3108;11430
DONCASTER EAST;3109;13562
DONNYBROOK;3064;71
DONVALE;3111;5463
DOOBOOBETIC;3478;64
DOOEN;3401;252
DOOKIE;3646;235
DOOKIE COLLEGE;3647;45
DOREEN;3754;8689
DORODONG;3312;189
DOUBLE BRIDGES;3893;19
DOUGLAS;3409;196
DOVETON;3177;4213
DREEITE;3249;104
DREEITE SOUTH;3249;29
DRIFFIELD;3840;101
DRIK DRIK;3304;88
DROMANA;3936;6064
DROPMORE;3660;24
DROUIN;3818;6835
DROUIN EAST;3818;94
DROUIN SOUTH;3818;186
DROUIN WEST;3818;195
DRUMANURE;3636;43
DRUMBORG;3304;149
DRUMCONDRA;3215;305
DRUMMARTIN;3570;49
DRUMMOND;3461;190
DRUMMOND NORTH;3446;164
DRUNG;3401;168
DRY DIGGINGS;3461;31
DRYSDALE;3222;2614
DUCHEMBEGARRA;3409;54
DUMBALK;3956;252
DUMBALK NORTH;3956;54
DUMOSA;3527;74
DUNACH;3371;85
DUNDONNELL;3271;87
DUNKELD;3294;704
DUNLUCE;3472;79
DUNNEWORTHY;3377;24
DUNNSTOWN;3352;185
DUNOLLY;3472;971
DUNROBIN;3312;75
DURDIDWARRAH;3342;22
DURHAM LEAD;3352;232
DURHAM OX;3576;131
DUTSON;3851;71
DUTSON DOWNS;3851;69
DUTTON WAY;3305;255
DUVERNEY;3323;28
EAGLE POINT;3878;840
EAGLEHAWK;3556;3497
EAGLEHAWK NORTH;3556;35
EAGLEMONT;3084;1871
EARLSTON;3669;87
EAST BAIRNSDALE;3875;735
EAST BENDIGO;3550;2078
EAST GEELONG;3219;2160
EAST MELBOURNE;3002;6008
EAST SALE;3852;81
EAST WANGARATTA;3678;50
EAST WARBURTON;3799;629
EASTERN VIEW;3231;81
EASTVILLE;3463;37
EASTWOOD;3875;1325
EBDEN;3691;63
ECHUCA;3564;9001
ECHUCA VILLAGE;3564;317
ECHUCA WEST;3564;221
ECKLIN SOUTH;3265;139
EDDINGTON;3472;178
EDEN PARK;3757;581
EDENHOPE;3318;1020
EDGECOMBE;3444;52
EDI;3678;62
EDI UPPER;3678;99
EDITHVALE;3196;3168
EGANSTOWN;3461;153
EILDON;3713;840
ELAINE;3334;241
ELDORADO;3746;277
ELEVATED PLAINS;3461;32
ELINGAMITE;3266;35
ELINGAMITE NORTH;3266;58
ELIZABETH ISLAND;3921;2
ELLASWOOD;3875;95
ELLERSLIE;3265;151
ELLIMINYT;3250;1399
ELLINBANK;3821;134
ELMHURST;3469;245
ELMORE;3558;688
ELPHINSTONE;3448;551
ELSTERNWICK;3185;6950
ELTHAM;3095;8592
ELTHAM NORTH;3095;2546
ELWOOD;3184;10963
EMERALD;3782;2588
EMU;3475;122
EMU CREEK;3551;204
ENDEAVOUR HILLS;3802;9191
ENFIELD;3352;303
ENGLEFIELD;3407;36
ENOCHS POINT;3723;41
ENSAY;3895;212
ENSAY NORTH;3895;96
EPPALOCK;3551;402
EPPING;3076;13904
EPSOM;3551;2179
ERCILDOUNE;3352;77
ERICA;3825;172
ERRINUNDRA;3889;23
ESKDALE;3701;265
ESMOND;3730;24
ESSENDON;3040;12538
ESSENDON FIELDS;3041;89
ESSENDON NORTH;3041;2056
ESSENDON WEST;3040;747
EUMEMMERRING;3177;1109
EURACK;3251;55
EUREKA;3350;350
EUROA;3666;2304
EUROBIN;3739;157
EVANSFORD;3371;216
EVERSLEY;3377;28
EVERTON;3678;139
EVERTON UPPER;3678;143
EXFORD;3338;51
EYNESBURY;3338;1182
FAIRBANK;3951;21
FAIRFIELD;3078;4625
FAIRHAVEN;3231;608
FAIRLEY;3579;26
FAIRY DELL (BAIRNSDALE);3875;3
FAIRY DELL (ROCHESTER);3561;72
FALLS CREEK;3699;157
FARADAY;3451;164
FAWCETT;3714;82
FAWKNER;3060;6358
FENTONS CREEK;3518;66
FERGUSON;3237;33
FERN HILL;3458;76
FERNBANK;3864;178
FERNDALE;3821;55
FERNIHURST;3518;51
FERNSHAW;3778;34
FERNTREE GULLY;3156;13519
FERNY CREEK;3786;627
FIERY FLAT;3518;58
FINGAL;3939;535
FISH CREEK;3959;628
FISH POINT;3585;35
FISKVILLE;3342;23
FITZROY;3065;8159
FITZROY NORTH;3068;7707
FLAGGY CREEK;3875;51
FLAGSTAFF;3465;58
FLAMINGO BEACH;3851;1135
FLEMINGTON;3031;4977
FLINDERS;3929;1327
FLORA HILL;3550;2219
FLOWERDALE;3658;430
FLOWERDALE;3717;245
FLYNN;3844;161
FLYNNS CREEK;3844;29
FOOTSCRAY;3011;10668
FORBES;3764;78
FOREST HILL;3131;5432
FORGE CREEK;3875;209
FORREST;3236;353
FOSTER;3960;1423
FOSTER NORTH;3960;164
FOSTERVILLE;3557;160
FOXHOW;3323;44
FRAMLINGHAM;3265;124
FRAMLINGHAM EAST;3265;21
FRANKLINFORD;3461;83
FRANKSTON;3199;22260
FRANKSTON NORTH;3200;2700
FRANKSTON SOUTH;3199;8297
FREEBURGH;3741;146
FRENCH ISLAND;3921;543
FRENCHMANS;3384;19
FRESHWATER CREEK;3217;229
FRYERSTOWN;3451;301
FULHAM;3851;141
FUMINA;3825;34
FUMINA SOUTH;3825;73
FYANS CREEK;3381;69
FYANSFORD;3218;155
GAFFNEYS CREEK;3723;137
GAINSBOROUGH;3822;33
GANNAWARRA;3568;99
GAPSTED;3737;142
GARDENVALE;3185;817
GARFIELD;3814;904
GARFIELD NORTH;3814;117
GARIBALDI;3352;97
GARVOC;3265;256
GATEWAY ISLAND;3691;71
GATUM;3407;36
GAZETTE;3289;59
GEELONG;3215;1
GEELONG;3220;5996
GEELONG WEST;3218;4980
GELANTIPY;3885;106
GELLIBRAND;3239;361
GELLIBRAND LOWER;3237;83
GELLIONDALE;3971;35
GEMBROOK;3783;1162
GENOA;3891;123
GENTLE ANNIE;3833;10
GEORGES CREEK;3700;55
GERAHMIN;3546;51
GERANG GERUNG;3418;157
GERANGAMETE;3249;121
GERMANIA;3387;20
GERMANTOWN;3741;29
GERRIGERRUP;3289;37
GHERANG;3240;179
GHERINGHAP;3331;78
GHIN GHIN;3717;116
GIFFARD;3851;69
GIFFARD WEST;3851;57
GIL GIL;3480;23
GILDEROY;3797;47
GILLIESTON;3616;31
GILLUM;3858;1
GIPSY POINT;3891;53
GIRGARRE;3624;397
GIRGARRE EAST;3616;87
GISBORNE;3437;4315
GISBORNE SOUTH;3437;333
GLADFIELD;3575;41
GLADSTONE PARK;3043;3536
GLADYSDALE;3797;232
GLEN ALVIE;3979;122
GLEN CREEK;3691;49
GLEN FORBES;3990;91
GLEN HUNTLY;3163;3604
GLEN IRIS;3146;13155
GLEN PARK;3352;81
GLEN VALLEY;3898;86
GLEN WAVERLEY;3150;19222
GLEN WILLS;3898;93
GLENAIRE;3238;150
GLENALADALE;3864;56
GLENALBYN;3517;65
GLENAROUA;3764;151
GLENBRAE;3352;25
GLENBURN;3717;305
GLENDARUEL;3363;35
GLENDONALD;3364;16
GLENFALLOCH;3858;23
GLENFYNE;3266;85
GLENGARRY;3854;584
GLENGARRY NORTH;3854;110
GLENGARRY WEST;3854;72
GLENGOWER;3370;51
GLENHOPE;3444;95
GLENHOPE EAST;3522;40
GLENISLA;3314;80
GLENLEE;3418;105
GLENLOFTY;3469;36
GLENLOGIE;3469;51
GLENLOTH;3527;41
GLENLOTH EAST;3527;30
GLENLUCE;3451;59
GLENLYON;3461;378
GLENMAGGIE;3858;378
GLENMORE;3340;45
GLENORCHY;3385;285
GLENORMISTON NORTH;3265;68
GLENORMISTON SOUTH;3265;74
GLENPATRICK;3469;60
GLENROWAN;3675;545
GLENROWAN WEST;3675;56
GLENROY;3046;11652
GLENTHOMPSON;3293;313
GLOMAR BEACH;3851;939
GNARWARRE;3221;130
GNOTUK;3260;55
GOBARUP;3559;123
GOBUR;3719;145
GOLDEN BEACH;3851;4062
GOLDEN GULLY;3555;225
GOLDEN POINT (BALLARAT);3350;1460
GOLDEN POINT (CASTLEMAINE);3451;133
GOLDEN POINT (MARYBOROUGH);3465;7
GOLDEN SQUARE;3555;5234
GOLDIE;3435;128
GOLDSBOROUGH;3472;83
GONG GONG;3352;17
GONN CROSSING;3579;40
GOOMALIBEE;3673;80
GOON NURE;3875;106
GOONGERAH;3888;70
GOORAM;3666;168
GOORAMADDA;3685;78
GOORAMBAT;3725;215
GOORNONG;3557;483
GOOROC;3477;37
GORAE;3305;123
GORAE WEST;3305;179
GORDON;3345;736
GORMANDALE;3873;232
GOROKE;3412;354
GOSCHEN;3585;101
GOUGHS BAY;3723;452
GOULBURN WEIR;3608;114
GOWANBRAE;3043;1227
GOWANFORD;3544;25
GOWANGARDIE;3669;26
GOWAR EAST;3477;67
GOWER;3451;70
GRAHAMVALE;3631;313
GRAMPIANS;3314;4
GRAND RIDGE;3870;87
GRANITE FLAT;3525;17
GRANITE ROCK;3875;119
GRANTVILLE;3984;749
GRANYA;3701;123
GRASS FLAT;3409;47
GRASSDALE;3302;83
GRASSMERE;3281;249
GRAYS BRIDGE;3477;27
GRAYTOWN;3608;208
GRE GRE;3477;52
GRE GRE NORTH;3477;51
GRE GRE SOUTH;3477;65
GREAT WESTERN;3374;415
GREDGWIN;3537;31
GREEN GULLY;3462;62
GREENDALE;3341;278
GREENHILL;3444;54
GREENS CREEK;3387;146
GREENSBOROUGH;3088;10087
GREENVALE;3059;5762
GREENWALD;3304;105
GRENVILLE;3352;98
GRETA;3675;72
GRETA SOUTH;3675;119
GRETA WEST;3675;123
GREY RIVER;3234;14
GRINGEGALGONA;3315;42
GRITJURK;3315;44
GROVEDALE;3216;7210
GRUYERE;3770;425
GUILDFORD;3451;297
GUNBOWER;3566;472
GUNDOWRING;3691;193
GUNYAH;3960;17
GUYS FOREST;3709;53
GUYS HILL;3807;148
GYMBOWEN;3401;118
HADDON;3351;534
HADFIELD;3046;3053
HALLAM;3803;5680
HALLORA;3818;77
HALLS GAP;3381;688
HALLSTON;3953;115
HAMILTON;3300;6391
HAMLYN HEIGHTS;3215;3434
HAMPTON;3188;7042
HAMPTON EAST;3188;2919
HAMPTON PARK;3976;9293
HANSONVILLE;3675;109
HAPPY VALLEY (BALLARAT);3360;120
HAPPY VALLEY (ROBINVALE);3549;49
HARCOURT;3453;637
HARCOURT NORTH;3453;236
HARKAWAY;3806;394
HARMERS HAVEN;3995;87
HARRIETVILLE;3741;390
HARROW;3317;310
HARSTON;3616;123
HASTINGS;3915;5790
HATTAH;3501;69
HAVELOCK;3465;71
HAVEN;3401;651
HAVILAH;3737;29
HAWKESDALE;3287;254
HAWKHURST;3862;13
HAWTHORN;3122;17489
HAWTHORN EAST;3123;9093
HAZEL PARK;3966;38
HAZELWOOD;3840;145
HAZELWOOD NORTH;3840;699
HAZELWOOD SOUTH;3840;141
HEALESVILLE;3777;4286
HEATH HILL;3981;102
HEATHCOTE;3523;2448
HEATHCOTE JUNCTION;3758;322
HEATHCOTE SOUTH;3523;63
HEATHERTON;3202;1431
HEATHMERE;3305;152
HEATHMONT;3135;4552
HEDLEY;3967;121
HEIDELBERG;3084;4565
HEIDELBERG HEIGHTS;3081;3560
HEIDELBERG WEST;3081;3780
HENSLEY PARK;3301;96
HENTY;3312;116
HEPBURN;3461;464
HEPBURN SPRINGS;3461;443
HERNE HILL;3218;2207
HERNES OAK;3825;162
HESKET;3442;143
HESSE;3321;17
HEXHAM;3273;176
HEYFIELD;3858;1339
HEYTESBURY LOWER;3268;36
HEYWOOD;3304;1229
HIAMDALE;3847;44
HIAWATHA;3971;32
HIGH CAMP;3764;94
HIGHETT;3190;6455
HIGHLANDS;3660;154
HIGHTON;3216;9226
HILGAY;3315;38
HILL END;3825;133
HILLCREST;3351;64
HILLDENE;3660;214
HILLSIDE (BAIRNSDALE);3875;192
HILLSIDE (GREATER MELBOURNE);3037;6184
HINNOMUNJIE;3898;32
HMAS CERBERUS;3920;158
HODDLES CREEK;3139;364
HOLLANDS LANDING;3862;259
HOMEBUSH;3465;97
HOMERTON;3304;54
HOMEWOOD;3717;67
HOPETOUN;3396;861
HOPETOUN PARK;3340;328
HOPPERS CROSSING;3029;16523
HORDERN VALE;3238;65
HORFIELD;3567;85
HORSHAM;3400;9198
HOTHAM HEIGHTS;3741;241
HOTSPUR;3303;143
HOWES CREEK;3723;75
HOWITT PLAINS;3858;2
HOWQUA;3723;74
HOWQUA HILLS;3723;70
HOWQUA INLET;3723;145
HUGHESDALE;3166;4098
HUMEVALE;3757;155
HUNTER;3558;45
HUNTERSTON;3971;35
HUNTINGDALE;3166;1190
HUNTLY;3551;1229
HUNTLY NORTH;3551;46
HUON;3695;135
HUON CREEK;3691;69
HURSTBRIDGE;3099;1504
ICY CREEK;3833;49
IGUANA CREEK;3875;53
ILLABAROOK;3351;69
ILLAWARRA;3381;103
ILLOWA;3282;184
INDENTED HEAD;3223;1453
INDIGO VALLEY;3688;245
INGLEWOOD;3517;811
INGLISTON;3342;70
INKERMAN;3472;40
INVERGORDON;3636;554
INVERLEIGH;3321;818
INVERLOCH;3996;5707
INVERMAY;3352;360
INVERMAY PARK;3350;751
IONA;3815;149
IRAAK;3494;121
IRISHTOWN;3451;18
IRONBARK;3550;754
IRREWARRA;3249;248
IRREWILLIPE;3249;143
IRREWILLIPE EAST;3249;75
IRYMPLE;3498;2868
IVANHOE;3079;7337
IVANHOE EAST;3079;1910
JACANA;3047;968
JACK RIVER;3971;119
JACKASS FLAT;3556;518
JACOB CREEK;3825;28
JAM JERRUP;3984;77
JAMIESON;3723;588
JAN JUC;3228;2128
JANCOURT;3266;19
JANCOURT EAST;3266;128
JARKLIN;3517;87
JARRAHMOND;3888;136
JARVIS CREEK;3700;51
JEERALANG;3840;76
JEERALANG JUNCTION;3840;298
JEETHO;3945;83
JEFFCOTT;3480;65
JEFFCOTT NORTH;3480;48
JEPARIT;3423;704
JERICHO;3825;42
JERUK;3527;29
JIL JIL;3483;45
JILPANGER;3409;37
JINDIVICK;3818;325
JOEL JOEL;3384;46
JOEL SOUTH;3384;46
JOHANNA;3238;154
JOHNSONVILLE;3902;198
JOYCES CREEK;3364;39
JUMBUK;3869;33
JUMBUNNA;3951;125
JUNCTION VILLAGE;3977;513
JUNG;3401;187
JUNGABURRA;3575;6
JUNORTOUN;3551;1508
KAARIMBA;3635;142
KADNOOK;3318;88
KALIMNA;3909;828
KALIMNA WEST;3909;108
KALKALLO;3064;199
KALKEE;3401;112
KALLISTA;3791;694
KALORAMA;3766;633
KALPIENUNG;3529;45
KAMAROOKA;3570;156
KAMAROOKA NORTH;3571;30
KANAGULK;3401;76
KANCOONA;3691;92
KANGAROO FLAT;3555;5927
KANGAROO GROUND;3097;494
KANIVA;3419;1083
KANUMBRA;3719;67
KANYA;3387;42
KANYAPELLA;3564;100
KARABEAL;3294;58
KARDELLA;3951;99
KARDELLA SOUTH;3950;64
KARIAH;3260;48
KARNAK;3401;83
KARRAMOMUS;3631;65
KARYRIE;3483;41
KATAMATITE;3649;373
KATAMATITE EAST;3649;54
KATANDRA;3634;95
KATANDRA WEST;3634;296
KATUNGA;3640;702
KAWARREN;3249;201
KEALBA;3021;1370
KEELY;3568;35
KEILOR;3036;2716
KEILOR DOWNS;3038;3994
KEILOR EAST;3033;7080
KEILOR LODGE;3038;652
KEILOR NORTH;3036;52
KEILOR PARK;3042;1546
KELLALAC;3393;121
KELVIN VIEW;3666;64
KENLEY;3597;46
KENMARE;3395;79
KENNEDYS CREEK;3239;77
KENNETT RIVER;3234;199
KENNINGTON;3550;3567
KENSINGTON;3031;6443
KERANG;3579;2714
KERANG EAST;3579;53
KERGUNYAH;3691;171
KERGUNYAH SOUTH;3691;52
KERNOT;3979;94
KERRIE;3434;72
KERRISDALE;3660;95
KEVINGTON;3723;118
KEW;3101;14317
KEW EAST;3102;3556
KEWELL;3390;154
KEYSBOROUGH;3173;10721
KIALLA;3631;3182
KIALLA EAST;3631;146
KIALLA WEST;3631;181
KIATA;3418;150
KIEWA;3691;218
KILCUNDA;3995;481
KILLARA (CASTERTON);3312;101
KILLARA (WODONGA);3691;343
KILLARNEY;3283;178
KILLAWARRA;3678;226
KILLINGWORTH;3717;118
KILMANY;3851;167
KILMORE;3764;4305
KILMORE EAST;3764;252
KILSYTH;3137;5890
KILSYTH SOUTH;3137;1269
KIMBOLTON;3551;123
KING VALLEY;3678;66
KINGLAKE;3763;938
KINGLAKE CENTRAL;3757;267
KINGLAKE WEST;3757;623
KINGOWER;3517;80
KINGS PARK;3021;3022
KINGSBURY;3083;1840
KINGSTON;3364;130
KINGSVILLE;3012;2374
KINNABULLA;3483;54
KINYPANIAL;3520;48
KIRKSTALL;3283;278
KIRWANS BRIDGE;3608;119
KITHBROOK;3666;63
KNEBSWORTH;3286;44
KNOCKWOOD;3723;34
KNOWSLEY;3523;160
KNOXFIELD;3180;4171
KOALLAH;3260;26
KOETONG;3704;181
KOLORA;3265;140
KONGWAK;3951;160
KONONGWOOTONG;3315;94
KOO WEE RUP;3981;1987
KOO WEE RUP NORTH;3981;34
KOOLOONONG;3597;109
KOONDA;3669;35
KOONDROOK;3580;703
KOONOOMOO;3644;191
KOONWARRA;3954;233
KOOREH;3477;95
KOORLONG;3501;260
KOORNALLA;3844;85
KOOROOCHEANG;3364;54
KOOROOL;3860;11
KOOROOMAN;3953;62
KOOYONG;3144;539
KORIELLA;3714;55
KOROBEIT;3341;45
KOROIT;3282;1201
KORONG VALE;3520;244
KOROOP;3568;2
KOROOP;3579;55
KORUMBURRA;3950;2646
KORUMBURRA SOUTH;3950;61
KORWEINGUBOORA;3461;149
KOTTA;3565;124
KOTUPNA;3638;209
KOYUGA;3622;289
KROWERA;3945;113
KULWIN;3490;115
KUNAT;3585;54
KURRACA;3518;17
KURRACA WEST;3518;27
KURTING;3517;90
KURUNJANG;3337;3992
KYABRAM;3620;4426
KYABRAM SOUTH;3620;39
KYNETON;3444;4568
KYNETON SOUTH;3444;82
KYVALLEY;3621;227
LAANECOORIE;3463;186
LAANG;3265;86
LABERTOUCHE;3816;209
LACEBY;3678;182
LADYS PASS;3523;147
LAEN;3480;38
LAEN EAST;3480;18
LAEN NORTH;3480;55
LAH;3393;72
LAHARUM;3401;224
LAKE BOGA;3584;690
LAKE BOLAC;3351;360
LAKE BUNGA;3909;265
LAKE CHARM;3581;216
LAKE CONDAH;3303;27
LAKE EILDON;3713;117
LAKE EPPALOCK;3551;6
LAKE FYANS;3381;47
LAKE GARDENS;3355;795
LAKE GOLDSMITH;3373;61
LAKE LONSDALE;3381;48
LAKE MARMAL;3525;61
LAKE MERAN;3579;42
LAKE MUNDI;3312;160
LAKE POWELL;3597;41
LAKE ROWAN;3727;116
LAKE TYERS;3887;17
LAKE TYERS BEACH;3909;655
LAKE TYRRELL;3533;8
LAKE WELLINGTON;3851;2
LAKE WENDOUREE;3350;1644
LAKE WONGAN;3373;9
LAKES ENTRANCE;3909;4058
LAL LAL;3352;354
LALBERT;3542;209
LALOR;3075;9335
LALOR;3082;1
LAMPLOUGH;3352;76
LANCASTER;3620;228
LANCE CREEK;3995;71
LANCEFIELD;3435;1387
LANDSBOROUGH;3384;327
LANDSBOROUGH WEST;3384;64
LANG LANG;3984;1056
LANG LANG EAST;3984;64
LANGDONS HILL;3363;22
LANGI KAL KAL;3352;32
LANGI LOGAN;3377;39
LANGKOOP;3318;113
LANGLEY;3444;46
LANGSBOROUGH;3971;72
LANGWARRIN;3910;9829
LANGWARRIN SOUTH;3911;494
LARA;3212;6809
LARDNER;3821;69
LARPENT;3249;139
LARRALEA;3325;22
LASCELLES;3487;207
LAUNCHING PLACE;3139;1071
LAUNCHING PLACE;3777;1
LAURISTON;3444;184
LAVERS HILL;3238;213
LAVERTON;3028;2492
LAVERTON NORTH;3026;1194
LAWLER;3480;41
LAWLOIT;3418;43
LAWRENCE;3364;23
LEAGHUR;3537;60
LEARMONTH;3352;267
LEDCOURT;3385;87
LEICHARDT;3516;122
LEIGH CREEK;3352;44
LEITCHVILLE;3567;434
LEMNOS;3631;157
LENEVA;3691;457
LEONARDS HILL;3461;36
LEONGATHA;3953;3441
LEONGATHA NORTH;3953;97
LEONGATHA SOUTH;3953;327
LEOPOLD;3224;5716
LERDERDERG;3458;19
LESLIE MANOR;3260;59
LETHBRIDGE;3332;488
LEXTON;3352;342
LICOLA;3858;63
LICOLA NORTH;3858;27
LILLICO;3820;40
LILLICUR;3371;112
LILLIMUR;3420;195
LILLIPUT;3682;126
LILYDALE;3140;8626
LIMA;3673;56
LIMA EAST;3673;104
LIMA SOUTH;3673;91
LIMESTONE;3717;107
LINDENOW;3865;281
LINDENOW SOUTH;3875;290
LINDSAY;3312;18
LINDSAY POINT;3496;61
LINGA;3509;106
LINTON;3360;538
LIPAROO;3549;24
LISMORE;3324;471
LITCHFIELD;3480;88
LITTLE DESERT;3418;70
LITTLE HAMPTON;3458;61
LITTLE RIVER;3211;697
LLANELLY;3551;108
LLOWALONG;3862;35
LOCH;3945;446
LOCH SPORT;3851;2599
LOCH VALLEY;3833;34
LOCKINGTON;3563;562
LOCKSLEY;3665;114
LOCKWOOD;3551;406
LOCKWOOD SOUTH;3551;494
LODDON VALE;3575;46
LOGAN;3475;116
LONDRIGAN;3678;107
LONG FOREST;3340;132
LONG GULLY;3550;1981
LONGERENONG;3401;86
LONGFORD;3851;916
LONGLEA;3551;277
LONGWARRY;3816;1109
LONGWARRY NORTH;3816;94
LONGWOOD;3665;251
LONGWOOD EAST;3666;129
LORNE;3232;2741
LORQUON;3418;56
LOVELY BANKS;3213;1045
LOWER MOIRA;3639;95
LOWER NORTON;3401;170
LOWER PLENTY;3093;2055
LOY YANG;3844;35
LUBECK;3385;139
LUCAS;3350;467
LUCKNOW;3875;843
LUCYVALE;3691;93
LURG;3673;133
LYAL;3444;21
LYNBROOK;3975;2845
LYNDHURST;3975;2237
LYONS;3304;67
LYONVILLE;3461;174
LYSTERFIELD;3156;2449
LYSTERFIELD SOUTH;3156;335
MACARTHUR;3286;547
MACCLESFIELD;3782;371
MACEDON;3440;929
MACKS CREEK;3971;59
MACLEOD;3085;4932
MACORNA;3579;193
MACORNA NORTH;3568;46
MACS COVE;3723;179
MADALYA;3971;45
MADDINGLEY;3340;1953
MAFEKING;3379;77
MAFFRA;3860;3124
MAFFRA WEST UPPER;3859;74
MAGPIE;3352;143
MAIDEN GULLY;3551;1963
MAIDSTONE;3012;4542
MAILORS FLAT;3275;231
MAIN LEAD;3373;44
MAIN RIDGE;3928;384
MAINDAMPLE;3723;196
MAINTONGOON;3714;93
MAJOR PLAINS;3725;33
MAJORCA;3465;273
MALDON;3463;1489
MALLACOOTA;3892;1323
MALMSBURY;3446;599
MALVERN;3144;6743
MALVERN EAST;3145;12204
MAMBOURIN;3024;10
MANANGATANG;3546;380
MANDURANG;3551;320
MANDURANG SOUTH;3551;163
MANGALORE;3663;129
MANIFOLD HEIGHTS;3218;1564
MANNERIM;3222;79
MANNIBADAR;3360;86
MANNS BEACH;3971;94
MANORINA;3889;22
MANSFIELD;3722;3545
MARAMINGO CREEK;3891;36
MARCUS HILL;3222;87
MARDAN;3953;142
MARENGO;3233;381
MARIBYRNONG;3032;6980
MARIONVALE;3634;61
MARKWOOD;3678;178
MARLBED;3483;46
MARLO;3888;641
MARNOO;3387;189
MARNOO EAST;3477;31
MARNOO WEST;3387;92
MARONG;3515;732
MAROONA;3377;139
MARRAWEENEY;3669;72
MARSHALL;3216;1172
MARTHAVALE;3875;14
MARUNGI;3634;106
MARYBOROUGH;3465;5310
MARYKNOLL;3812;216
MARYSVILLE;3779;767
MARYVALE;3840;80
MASSEY;3482;72
MATLOCK;3723;206
MAUDE;3331;130
MCCRAE;3938;2610
MCINTYRE;3472;95
MCKENZIE CREEK;3401;84
MCKENZIE HILL;3451;291
MCKINNON;3204;2851
MCLOUGHLINS BEACH;3874;198
MCMAHONS CREEK;3799;176
MCMILLANS;3568;73
MEAD;3568;70
MEADOW CREEK;3678;95
MEADOW HEIGHTS;3048;5403
MEATIAN;3585;27
MEENIYAN;3956;467
MEERING WEST;3579;32
MEERLIEU;3862;87
MELBOURNE;3000;51324
MELBOURNE;3004;11781
MELBOURNE AIRPORT;3045;69
MELTON;3337;4864
MELTON SOUTH;3338;6466
MELTON WEST;3337;7531
MELVILLE FOREST;3315;52
MELWOOD;3875;15
MENA PARK;3373;35
MENTONE;3194;8228
MENZIES CREEK;3159;404
MEPUNGA;3277;33
MEPUNGA EAST;3277;47
MEPUNGA WEST;3277;65
MERBEIN;3505;1612
MERBEIN SOUTH;3505;276
MERBEIN WEST;3505;133
MEREDITH;3333;602
MERINGUR;3496;153
MERINO;3310;341
MERNDA;3754;6997
MERRIANG;3737;86
MERRIANG SOUTH;3737;41
MERRICKS;3916;165
MERRICKS BEACH;3926;275
MERRICKS NORTH;3926;330
MERRIGUM;3618;448
MERRIJIG (BAIRNSDALE);3875;36
MERRIJIG (MOUNT BULLER);3723;671
MERRIMU;3340;189
MERRINEE;3496;116
MERTON;3715;285
METCALFE;3448;170
METCALFE EAST;3444;32
METUNG;3904;2105
MIA MIA;3444;295
MICKLEHAM;3064;1752
MIDDLE CREEK;3375;57
MIDDLE PARK;3206;2308
MIDDLE TARWIN;3956;62
MIEPOLL;3666;195
MIGA LAKE;3409;58
MILAWA;3678;348
MILDURA;3500;18890
MILL PARK;3082;11684
MILLBROOK;3352;172
MILLGROVE;3799;878
MILLOO;3572;62
MILLTOWN;3304;96
MILNES BRIDGE;3579;20
MINCHA;3575;108
MINCHA WEST;3568;54
MINERS REST;3352;1320
MINGAY;3324;31
MINHAMITE;3287;76
MINIMAY;3413;172
MININERA;3351;70
MINJAH;3276;51
MINMINDIE;3537;28
MINYIP;3392;654
MIOWERA;3862;11
MIRALIE;3596;20
MIRAM;3415;86
MIRBOO;3871;238
MIRBOO NORTH;3871;1217
MIRIMBAH;3722;3
MIRRANATWA;3294;263
MITCHAM;3132;9808
MITCHELL PARK;3355;563
MITCHELLSTOWN;3608;90
MITIAMO;3573;189
MITRE;3409;98
MITTA MITTA;3701;425
MITTYACK;3490;132
MOCKINYA;3401;73
MODELLA;3816;90
MODEWARRE;3240;158
MOE;3825;5993
MOE SOUTH;3825;228
MOGGS CREEK;3231;205
MOGLONEMBY;3666;56
MOKEPILLY;3381;23
MOLESWORTH;3718;122
MOLIAGUL;3472;188
MOLKA;3666;64
MOLLONGGHIP;3352;99
MOLOGA;3575;78
MOLYULLAH;3673;143
MONBULK;3793;1761
MONEGEETTA;3433;122
MONGANS BRIDGE;3691;50
MONOMAK;3860;26
MONOMEITH;3984;58
MONT ALBERT;3127;2711
MONT ALBERT NORTH;3129;2758
MONTGOMERY;3851;42
MONTMORENCY;3094;4805
MONTROSE;3765;2855
MOOLAP;3224;1167
MOOLERR;3477;56
MOOLORT;3465;87
MOONAMBEL;3478;285
MOONDARRA;3825;150
MOONEE PONDS;3039;8992
MOONLIGHT FLAT (CASTLEMAINE);3450;53
MOONLIGHT FLAT (MARYBOROUGH);3465;74
MOORA;3612;45
MOORABBIN;3189;5089
MOORABBIN AIRPORT;3194;295
MOORABOOL;3213;60
MOORALLA;3314;130
MOORILIM;3610;65
MOORMBOOL WEST;3523;91
MOORNAPA;3862;30
MOORNGAG;3673;67
MOOROODUC;3933;537
MOOROOLBARK;3138;9789
MOOROOPNA;3629;4197
MOOROOPNA NORTH;3629;82
MOOROOPNA NORTH WEST;3616;46
MORANDING;3764;84
MORDIALLOC;3195;5391
MORGIANA;3301;27
MORIAC;3240;317
MORNINGTON;3931;15826
MOROKA;3860;5
MORRISONS;3334;150
MORRL MORRL;3387;27
MORTLAKE;3272;1095
MORTON PLAINS;3482;78
MORWELL;3840;9107
MOSSIFACE;3885;90
MOUNT ALFRED;3709;50
MOUNT BEAUTY;3699;740
MOUNT BECKWORTH;3363;12
MOUNT BEST;3960;60
MOUNT BOLTON;3352;37
MOUNT BRUNO;3675;49
MOUNT BUFFALO;3740;2
MOUNT BULLER;3723;363
MOUNT BURNETT;3781;76
MOUNT BUTE;3324;54
MOUNT CAMEL;3523;140
MOUNT CAMERON;3370;24
MOUNT CLEAR;3350;1737
MOUNT COLE;3377;32
MOUNT COLE CREEK;3377;41
MOUNT COTTRELL;3024;306
MOUNT DANDENONG;3767;637
MOUNT DORAN;3334;79
MOUNT DRYDEN;3381;21
MOUNT DUNEED;3217;1023
MOUNT ECCLES;3953;81
MOUNT ECCLES SOUTH;3953;6
MOUNT EGERTON;3352;467
MOUNT ELIZA;3930;8134
MOUNT EMU;3351;36
MOUNT EVELYN;3796;4145
MOUNT FRANKLIN;3461;70
MOUNT GLASGOW;3371;85
MOUNT HELEN;3350;1209
MOUNT HOOGHLY;3472;33
MOUNT LONARCH;3468;69
MOUNT MACEDON;3441;846
MOUNT MAJOR;3646;23
MOUNT MARTHA;3934;9669
MOUNT MARTHA;3944;1
MOUNT MERCER;3352;72
MOUNT MORIAC;3240;153
MOUNT NAPIER;3301;16
MOUNT PLEASANT;3350;1244
MOUNT PROSPECT;3364;30
MOUNT RICHMOND;3305;110
MOUNT ROWAN;3352;159
MOUNT SABINE;3236;10
MOUNT TASSIE;3844;11
MOUNT TAYLOR;3875;223
MOUNT TOOLEBEWONG;3777;72
MOUNT WALLACE;3342;115
MOUNT WAVERLEY;3149;17640
MOUNTAIN BAY;3723;73
MOUNTAIN VIEW;3988;73
MOUTAJUP;3294;129
MOYARRA;3951;25
MOYHU;3732;308
MOYREISK;3477;51
MOYSTON;3377;424
MUCKATAH;3644;134
MUCKLEFORD;3451;255
MUCKLEFORD SOUTH;3462;57
MUDGEGONGA;3737;191
MULGRAVE;3170;8977
MUMBANNAR;3304;243
MUNDOONA;3635;105
MUNRO;3862;145
MUNTHAM;3315;30
MURCHISON;3610;723
MURCHISON EAST;3610;126
MURCHISON NORTH;3610;136
MURGHEBOLUC;3218;69
MURMUNGEE;3747;80
MURNUNGIN;3544;36
MURPHYS CREEK;3551;78
MURRA WARRA;3401;86
MURRABIT;3579;188
MURRABIT WEST;3579;32
MURRAWEE;3586;61
MURRAY-SUNSET;3490;13
MURRAYDALE;3586;77
MURRAYVILLE;3512;471
MURRINDAL;3885;40
MURRINDINDI;3717;149
MURROON;3243;92
MURRUMBEENA;3163;6220
MURTOA;3390;819
MUSK;3461;150
MUSK VALE;3461;112
MUSKERRY;3557;126
MYALL (KERANG);3579;105
MYALL (SEA LAKE);3533;39
MYAMYN;3304;90
MYERS FLAT;3556;274
MYOLA;3551;80
MYRNIONG;3341;240
MYRRHEE;3732;171
MYRTLE CREEK;3551;95
MYRTLEBANK;3851;74
MYRTLEFORD;3737;2226
MYSIA;3518;82
MYSTIC PARK;3579;241
MYWEE;3641;41
NAGAMBIE;3608;1457
NALANGIL;3249;52
NALINGA;3646;40
NAMBROK;3847;194
NANDALY;3533;90
NANGANA;3781;21
NANGEELA;3312;32
NANGILOC;3494;108
NANNEELLA;3561;313
NAP NAP MARRA;3860;2
NAPOLEONS;3352;300
NAR NAR GOON;3812;530
NAR NAR GOON NORTH;3812;341
NARBETHONG;3778;419
NAREEB;3293;41
NAREEN;3315;116
NAREEWILLOCK;3525;56
NARIEL VALLEY;3707;180
NARING;3636;119
NARINGAL;3277;100
NARINGAL EAST;3277;95
NAROGHID;3266;58
NARRACAN;3824;169
NARRAPORT;3483;101
NARRAPUMELAP SOUTH;3293;29
NARRAWONG;3285;310
NARRE WARREN;3805;11253
NARRE WARREN EAST;3804;164
NARRE WARREN NORTH;3804;2725
NARRE WARREN SOUTH;3805;9511
NARRUNG;3597;24
NATHALIA;3638;1321
NATIMUK;3409;484
NATTE YALLOCK;3465;147
NATYA;3597;97
NAVARRE;3384;198
NAVIGATORS;3352;131
NAYOOK;3832;49
NEDS CORNER;3496;22
NEEREMAN;3463;28
NEERIM;3831;124
NEERIM EAST;3831;146
NEERIM JUNCTION;3832;96
NEERIM NORTH;3832;62
NEERIM SOUTH;3831;921
NEILBOROUGH;3570;267
NELSE;3699;5
NELSON;3292;400
NERRENA;3953;164
NERRIN NERRIN;3351;53
NERRINA;3350;431
NERRING;3373;10
NETHERBY;3418;234
NEUARPURR;3413;85
NEW GISBORNE;3438;1137
NEWBOROUGH;3825;3548
NEWBRIDGE;3551;266
NEWBURY;3458;57
NEWCOMB;3219;2859
NEWFIELD;3268;52
NEWHAM;3442;275
NEWHAVEN;3925;469
NEWINGTON;3350;958
NEWLANDS ARM;3875;569
NEWLYN;3364;122
NEWLYN NORTH;3364;103
NEWMERELLA;3886;337
NEWPORT;3015;6335
NEWRY;3859;351
NEWSTEAD;3462;611
NEWTOWN (BALLARAT);3351;159
NEWTOWN (GEELONG);3220;5988
NHILL;3418;1942
NICHOLS POINT;3501;666
NICHOLSON;3882;644
NIDDRIE;3042;3090
NILMA;3821;155
NILMA NORTH;3821;153
NINDA;3533;39
NINE MILE;3518;38
NINTINGBOOL;3351;63
NINYEUNOOK;3527;38
NIRRANDA;3268;79
NIRRANDA EAST;3268;14
NIRRANDA SOUTH;3268;96
NOBLE PARK;3174;16259
NOBLE PARK NORTH;3174;3339
NOOJEE;3833;309
NOORAT;3265;196
NOORAT EAST;3265;13
NOORINBEE;3890;133
NOORINBEE NORTH;3890;45
NORADJUHA;3409;206
NORLANE;3214;5016
NORMANVILLE;3579;19
NORONG;3682;153
NORTH BENDIGO;3550;2360
NORTH BLACKWOOD;3458;52
NORTH GEELONG;3215;2296
NORTH MELBOURNE;3051;10045
NORTH SHORE;3214;432
NORTH WANGARATTA;3678;205
NORTH WARRANDYTE;3113;1129
NORTH WONTHAGGI;3995;1675
NORTHCOTE;3070;14088
NORTHWOOD;3660;121
NORVAL;3377;75
NOT NAMED;3892;4
NOT NAMED;3918;143
NOT NAMED;3925;1
NOT NAMED;3960;16
NOT NAMED;3962;1
NOT NAMED;3977;5
NOT NAMED;3980;1
NOT NAMED;3984;1
NOT NAMED;;51
NOTTING HILL;3168;2052
NOWA NOWA;3887;247
NOWHERE CREEK;3469;34
NOWIE;3585;42
NUG NUG;3737;37
NUGGETTY;3463;51
NULLA VALE;3435;134
NULLAWARRE;3268;178
NULLAWARRE NORTH;3268;51
NULLAWIL;3529;145
NUMURKAH;3636;3074
NUNAWADING;3131;7104
NUNGURNER;3909;219
NUNNIONG;3896;22
NURCOUNG;3401;108
NURRABIEL;3401;137
NURRAN;3888;39
NUTFIELD;3099;64
NYAH;3594;361
NYAH WEST;3595;476
NYARRIN;3533;26
NYERIMILANG;3909;62
NYORA;3987;690
NYRRABY;3585;34
OAK PARK;3046;3358
OAKLANDS JUNCTION;3063;166
OAKLEIGH;3166;4896
OAKLEIGH EAST;3166;3454
OAKLEIGH SOUTH;3167;4912
OAKVALE;3540;28
OCEAN GRANGE;3880;38
OCEAN GROVE;3226;9222
OCEAN GROVE;3227;1
OFFICER;3809;3739
OFFICER SOUTH;3809;49
OLD TALLANGATTA;3701;27
OLINDA;3788;1018
OMBERSLEY;3241;81
OMEO;3898;894
OMEO VALLEY;3898;28
ONDIT;3249;101
ORBOST;3888;1696
ORFORD;3284;160
ORMOND;3204;5142
ORRVALE;3631;222
OSBORNES FLAT;3691;145
OUTTRIM;3951;261
OUYEN;3490;1254
OVENS;3738;160
OXLEY;3678;313
OXLEY FLATS;3678;34
OZENKADNOOK;3413;68
PAARATTE;3268;20
PAINSWICK;3551;28
PAKENHAM;3810;21567
PAKENHAM SOUTH;3810;144
PAKENHAM UPPER;3810;509
PANITYA;3512;128
PANMURE;3265;347
PANTON HILL;3759;440
PARADISE;3477;82
PARADISE BEACH;3851;1091
PARAPARAP;3240;106
PARK ORCHARDS;3114;1381
PARKDALE;3195;6347
PARKVILLE;3052;3612
PARWAN;3340;141
PASCHENDALE;3315;41
PASCOE VALE;3044;9312
PASCOE VALE SOUTH;3044;4685
PASTORIA;3444;59
PASTORIA EAST;3444;38
PATCHEWOLLOCK;3491;306
PATHO;3564;212
PATTERSON LAKES;3197;4072
PATYAH;3318;149
PAYNESVILLE;3880;2729
PEARCEDALE;3912;1506
PEARSONDALE;3851;67
PEECHELBA;3678;169
PEECHELBA EAST;3678;52
PELLUEBLA;3727;39
PENNYROYAL;3235;99
PENSHURST;3289;657
PENTAL ISLAND;3586;111
PENTLAND HILLS;3341;92
PERCYDALE;3478;106
PERONNE;3413;77
PERRY BRIDGE;3862;121
PETERBOROUGH;3270;496
PETTICOAT CREEK;3233;10
PHEASANT CREEK;3757;165
PIANGIL;3597;304
PICOLA;3639;241
PICOLA WEST;3639;30
PIEDMONT;3833;38
PIER MILAN;3533;56
PIGEON PONDS;3407;36
PIGGOREET;3351;42
PIMPINIO;3401;244
PINE GROVE;3573;90
PINE LODGE;3631;183
PINE MOUNTAIN;3709;40
PINE VIEW;3579;6
PIONEER BAY;3984;233
PIPERS CREEK;3444;94
PIRA;3585;46
PIRIES;3723;68
PIRRON YALLOCK;3249;125
PITFIELD;3351;34
PITTONG;3360;41
PLENTY;3090;937
PLUMPTON;3335;1847
POINT COOK;3027;2
POINT COOK;3030;20055
POINT LEO;3916;140
POINT LONSDALE;3225;3032
POINT WILSON;3211;1
POINT WILSON;3212;24
POLISBET;3585;29
POMBORNEIT;3260;63
POMBORNEIT EAST;3249;31
POMBORNEIT NORTH;3260;58
POMONAL;3381;312
POMPAPIEL;3571;74
POOLAIJELO;3312;121
POOTILLA;3352;75
POOWONG;3988;394
POOWONG EAST;3988;77
POOWONG NORTH;3988;94
PORCUPINE RIDGE;3461;121
POREPUNKAH;3740;685
PORT ALBERT;3971;466
PORT CAMPBELL;3269;623
PORT FAIRY;3284;2958
PORT FRANKLIN;3964;116
PORT MELBOURNE;3207;13060
PORT WELSHPOOL;3965;337
PORTARLINGTON;3223;3663
PORTLAND;3305;6561
PORTLAND NORTH;3305;404
PORTLAND WEST;3305;383
PORTSEA;3943;2
PORTSEA;3944;1906
POUND CREEK;3996;124
POWELLTOWN;3797;152
POWERS CREEK;3312;53
POWLETT PLAINS;3517;98
PRAHRAN;3181;11042
PRAIRIE;3572;67
PRANJIP;3666;48
PRESTON;3072;19333
PRINCES HILL;3054;1206
PRINCETOWN;3269;260
PUCKAPUNYAL;3662;33
PURA PURA;3271;58
PURDEET;3289;37
PURNIM;3278;198
PURNIM WEST;3278;21
PYALONG;3521;511
PYRAMID HILL;3575;640
QUAMBATOOK;3540;363
QUANDONG;3030;34
QUANTONG;3401;216
QUARRY HILL;3550;1375
QUEENSCLIFF;3225;1517
QUEENSFERRY;3984;8
RAGLAN;3373;323
RAINBOW;3424;827
RANCEBY;3951;52
RATHSCAR;3465;31
RATHSCAR WEST;3465;42
RAVENHALL;3023;836
RAVENSWOOD;3453;285
RAVENSWOOD SOUTH;3453;74
RAWSON;3825;216
RAYMOND ISLAND;3880;631
RAYWOOD;3570;294
RED CLIFFS;3496;3078
RED HILL;3937;681
RED HILL SOUTH;3937;504
RED LION;3371;118
REDAN;3350;2051
REDBANK;3477;236
REDCASTLE;3523;129
REDESDALE;3444;334
REEDY CREEK;3658;140
REEDY DAM;3395;32
REEDY FLAT;3895;85
REEDY LAKE;3579;48
REEFTON;3799;127
RESEARCH;3095;1167
RESERVOIR;3073;28362
REYNARD;3858;4
RHEOLA;3517;109
RHYLL;3923;711
RHYMNEY;3377;77
RIACHELLA;3385;14
RICH AVON;3480;25
RICH AVON EAST;3480;23
RICH AVON WEST;3480;90
RICHMOND;3121;21130
RICHMOND PLAINS;3518;37
RIDDELLS CREEK;3431;1922
RIGGS CREEK;3666;44
RINGWOOD;3134;11495
RINGWOOD EAST;3135;5847
RINGWOOD NORTH;3134;4026
RIPPLEBROOK;3818;140
RIPPLESIDE;3215;513
RIPPONLEA;3185;985
RIVERSIDE;3401;169
RIVERSLEA;3860;104
ROBERTSONS BEACH;3971;81
ROBINVALE;3549;1156
ROBINVALE IRRIGATION DISTRICT SECTION B;3549;168
ROBINVALE IRRIGATION DISTRICT SECTION C;3549;218
ROBINVALE IRRIGATION DISTRICT SECTION D;3549;36
ROBINVALE IRRIGATION DISTRICT SECTION E;3549;102
ROCHESTER;3561;2073
ROCHFORD;3442;54
ROCKBANK;3335;612
ROCKLANDS;3401;107
ROCKLYN;3364;60
ROCKY POINT;3377;5
ROKEBY;3821;102
ROKEWOOD;3330;226
ROKEWOOD JUNCTION;3351;63
ROMSEY;3434;2420
ROSANNA;3084;4298
ROSE RIVER;3678;86
ROSEBERY;3395;34
ROSEBROOK;3285;89
ROSEBUD;3939;10013
ROSEBUD WEST;3940;4500
ROSEDALE;3847;1156
ROSES GAP;3385;12
ROSEWHITE;3737;133
ROSLYNMEAD;3564;60
ROSS CREEK;3351;508
ROSSBRIDGE;3377;48
ROSTRON;3477;31
ROWSLEY;3340;118
ROWVILLE;3178;13590
ROXBURGH PARK;3064;6673
RUBICON;3712;76
RUBY;3953;94
RUFFY;3666;169
RUNNING CREEK;3691;44
RUNNYMEDE;3558;180
RUPANYUP;3388;660
RUSHWORTH;3612;1193
RUSSELLS BRIDGE;3331;43
RUTHERGLEN;3685;1770
RYANS;3875;7
RYANSTON;3992;248
RYE;3941;10516
RYTHDALE;3810;30
SAFETY BEACH;3936;4711
SAILORS FALLS;3461;81
SAILORS GULLY;3556;401
SAILORS HILL;3461;47
SALE;3850;8792
SALISBURY WEST;3517;63
SAMARIA;3673;55
SAN REMO;3925;1608
SANDFORD;3312;209
SANDHILL LAKE;3579;33
SANDHURST;3977;1897
SANDON;3462;92
SANDRINGHAM;3191;5699
SANDY CREEK;3695;163
SANDY POINT;3959;819
SARGOOD;3858;2
SARSFIELD;3875;381
SASSAFRAS;3787;534
SAWMILL SETTLEMENT;3723;250
SCARSDALE;3351;477
SCORESBY;3179;2737
SCOTCHMANS LEAD;3352;49
SCOTSBURN;3352;157
SCOTTS CREEK;3267;169
SEA LAKE;3533;590
SEABROOK;3028;1938
SEACOMBE;3851;78
SEAFORD;3198;10947
SEAHOLME;3018;932
SEASPRAY;3851;464
SEATON;3858;169
SEAVIEW;3821;96
SEBASTIAN;3556;159
SEBASTOPOL;3356;5957
SEDDON;3011;2829
SEDGWICK;3551;341
SELBY;3159;712
SELWYN;3737;12
SEPARATION CREEK;3234;149
SERPENTINE;3517;222
SERVICETON;3420;251
SEVILLE;3139;1131
SEVILLE EAST;3139;341
SEYMOUR;3660;4054
SHADY CREEK;3821;129
SHANNONVALE;3898;6
SHAYS FLAT;3377;23
SHE OAKS;3331;92
SHEANS CREEK;3666;30
SHEEP HILLS;3392;131
SHELBOURNE;3515;279
SHELFORD;3329;177
SHELLEY;3701;51
SHEPHERDS FLAT;3461;86
SHEPPARTON;3630;17975
SHEPPARTON EAST;3631;534
SHEPPARTON NORTH;3631;497
SHERBROOKE;3789;202
SHOREHAM;3916;704
SIDONIA;3444;30
SILVAN;3795;599
SILVERLEAVES;3922;592
SIMPSON;3266;380
SIMPSONS CREEK;3888;35
SIMSON;3465;66
SKENES CREEK;3233;404
SKENES CREEK NORTH;3233;32
SKIBO;3260;48
SKINNERS FLAT;3518;26
SKIPTON;3361;458
SKYE;3977;3071
SLATY CREEK;3477;108
SMEATON;3364;235
SMITHS BEACH;3922;632
SMITHS GULLY;3760;159
SMOKEYTOWN;3364;22
SMOKO;3741;65
SMYTHES CREEK;3351;595
SMYTHESDALE;3351;732
SNAKE ISLAND;3971;3
SNAKE VALLEY;3351;558
SOLDIERS HILL;3350;1701
SOMERS;3927;1342
SOMERTON;3062;625
SOMERVILLE;3912;5724
SORRENTO;3943;4015
SOUTH DUDLEY;3995;278
SOUTH GEELONG;3220;1135
SOUTH KINGSVILLE;3015;1335
SOUTH MELBOURNE;3205;8969
SOUTH MORANG;3752;9252
SOUTH PURRUMBETE;3260;85
SOUTH WHARF;3006;327
SOUTH YARRA;3141;25018
SOUTHBANK;3006;20580
SOUTHERN CROSS;3283;74
SPARGO CREEK;3461;35
SPEED;3488;108
SPEEWA;3585;20
SPOTSWOOD;3015;1576
SPRING GULLY;3550;1669
SPRING HILL;3444;143
SPRINGBANK;3352;103
SPRINGDALLAH;3351;35
SPRINGFIELD (ROMSEY);3434;142
SPRINGFIELD (SEA LAKE);3544;68
SPRINGHURST;3682;242
SPRINGMOUNT;3364;94
SPRINGVALE;3171;10933
SPRINGVALE SOUTH;3172;4641
ST ALBANS;3021;16750
ST ALBANS PARK;3219;2342
ST ANDREWS;3761;526
ST ANDREWS BEACH;3941;822
ST ARNAUD;3478;1924
ST ARNAUD EAST;3477;151
ST ARNAUD NORTH;3477;91
ST CLAIR;3995;39
ST GERMAINS;3620;70
ST HELENA;3088;1123
ST HELENS;3285;56
ST HELENS PLAINS;3401;146
ST JAMES;3727;178
ST KILDA;3182;17693
ST KILDA EAST;3183;8298
ST KILDA WEST;3182;2148
ST LEONARDS;3223;3142
STACEYS BRIDGE;3971;57
STAFFORDSHIRE REEF;3351;84
STAGHORN FLAT;3691;168
STANHOPE;3623;611
STANHOPE SOUTH;3623;4
STANLEY;3747;381
STAUGHTON VALE;3340;63
STAVELY;3379;56
STAWELL;3380;3997
STAWELL;3385;1
STEELS CREEK;3775;151
STEIGLITZ;3331;155
STEWARTON;3725;100
STIRLING;3893;9
STOCKDALE;3862;54
STOCKYARD HILL;3373;52
STONEHAVEN;3218;46
STONELEIGH;3373;53
STONY CREEK (FOSTER);3957;206
STONY CREEK (TALBOT);3371;24
STONYFORD;3260;72
STRADBROKE;3851;189
STRANGWAYS;3461;105
STRATEN;3533;16
STRATFORD;3862;1474
STRATH CREEK;3658;196
STRATHALLAN;3622;87
STRATHBOGIE;3666;351
STRATHDALE;3550;3066
STRATHDOWNIE;3312;372
STRATHEWEN;3099;97
STRATHFIELDSAYE;3551;2467
STRATHKELLAR;3301;82
STRATHLEA;3364;48
STRATHMERTON;3641;711
STRATHMORE;3041;3793
STRATHMORE HEIGHTS;3041;422
STREATHAM;3351;139
STRZELECKI;3950;100
STUART MILL;3477;244
SUGARLOAF;3234;17
SUGARLOAF CREEK;3658;153
SUGGAN BUGGAN;3885;36
SULKY;3352;110
SUMMERLANDS;3922;72
SUNBURY;3429;16588
SUNDAY CREEK;3658;167
SUNDERLAND BAY;3922;342
SUNSET STRIP;3922;388
SUNSHINE;3020;5529
SUNSHINE NORTH;3020;6026
SUNSHINE WEST;3020;8567
SURF BEACH;3922;1049
SURREY HILLS;3127;7027
SUTHERLAND;3477;65
SUTHERLANDS CREEK;3331;67
SUTTON;3530;23
SUTTON GRANGE;3448;145
SWAN BAY;3222;2
SWAN BAY;3225;58
SWAN HILL;3585;6545
SWAN HILL WEST;3585;34
SWAN ISLAND;3225;16
SWAN MARSH;3249;129
SWAN REACH;3903;437
SWANPOOL;3673;163
SWANWATER;3477;36
SWANWATER WEST;3480;37
SWIFTS CREEK;3896;372
SYDENHAM;3037;4288
SYLVATERRE;3575;27
TABBERABBERA;3875;12
TABILK;3607;176
TABOR;3289;47
TAGGERTY;3714;348
TAHARA;3301;74
TAHARA BRIDGE;3315;37
TAHARA WEST;3310;31
TALBOT;3371;591
TALGARNO;3691;161
TALLANDOON;3701;117
TALLANGATTA;3700;717
TALLANGATTA EAST;3700;37
TALLANGATTA SOUTH;3701;239
TALLANGATTA VALLEY;3701;379
TALLAROOK;3659;545
TALLYGAROOPNA;3634;318
TAMBO CROSSING;3893;41
TAMBO UPPER;3885;188
TAMBOON;3889;1
TAMBOON;3890;120
TAMBORITHA;3858;4
TAMINICK;3675;88
TAMLEUGH;3669;65
TAMLEUGH NORTH;3669;31
TANDAROOK;3260;23
TANDARRA;3571;74
TANGAMBALANGA;3691;308
TANJIL;3825;29
TANJIL BREN;3833;64
TANJIL SOUTH;3825;297
TANTARABOO;3764;5
TANWOOD;3478;34
TANYBRYN;3249;75
TARADALE;3447;492
TARCOMBE;3666;61
TARILTA;3451;49
TARNAGULLA;3551;339
TARNEIT;3029;11860
TARNOOK;3670;56
TAROON;3265;18
TARRA VALLEY;3971;71
TARRANYURK;3414;59
TARRAVILLE;3971;101
TARRAWARRA;3775;47
TARRAWINGEE;3678;263
TARRAYOUKYAN;3315;44
TARRENGOWER;3463;46
TARRENLEA;3315;50
TARRINGTON;3301;214
TARRONE;3283;86
TARWIN;3956;41
TARWIN LOWER;3956;434
TATONG;3673;238
TATURA;3616;2644
TATURA EAST;3616;78
TATYOON;3378;151
TAWONGA;3697;442
TAWONGA SOUTH;3698;724
TAYLOR BAY;3713;226
TAYLORS HILL;3037;4801
TAYLORS LAKES;3038;5955
TEAL POINT;3579;64
TECOMA;3160;1019
TEDDYWADDY;3527;66
TEDDYWADDY WEST;3527;33
TEESDALE;3328;764
TELANGATUK EAST;3401;125
TELFORD;3730;49
TELOPEA DOWNS;3420;86
TEMPLESTOWE;3106;7304
TEMPLESTOWE LOWER;3107;6187
TEMPY;3489;173
TENBY POINT;3984;143
TENNYSON;3572;124
TERANG;3264;1412
TERIP TERIP;3719;62
TERRAPPEE;3525;50
TERRICK TERRICK;3575;77
TERRICK TERRICK EAST;3573;85
TESBURY;3260;48
TETOORA ROAD;3821;47
THALIA;3527;44
THALLOO;3825;14
THE BASIN;3154;1867
THE COVE;3268;12
THE GURDIES;3984;185
THE HEART;3851;60
THE HONEYSUCKLES;3851;551
THE PATCH;3792;421
THE SISTERS;3265;113
THOLOGOLONG;3691;26
THOMASTOWN;3074;11488
THOMSON (GEELONG);3219;1085
THOMSON (MOUNT BAW BAW);3825;25
THOONA;3726;122
THORNBURY;3071;11972
THORNTON;3712;234
THORPDALE;3835;355
THORPDALE SOUTH;3824;24
THOWGLA VALLEY;3707;131
THREE BRIDGES;3797;118
TIDAL RIVER;3960;1
TIMBARRA;3885;9
TIMBOON;3268;820
TIMBOON WEST;3268;34
TIMMERING;3561;105
TIMOR;3465;123
TIMOR WEST;3465;60
TINAMBA;3859;235
TINAMBA WEST;3859;64
TINTALDRA;3708;116
TITTYBONG;3542;24
TOL TOL;3549;129
TOLMIE;3723;513
TOM GROGGIN;3707;15
TONGALA;3621;1182
TONGHI CREEK;3890;32
TONGIO;3896;129
TONIMBUK;3815;141
TOOAN;3409;73
TOOBORAC;3522;361
TOOLAMBA;3614;448
TOOLAMBA WEST;3614;72
TOOLANGI;3777;227
TOOLERN VALE;3337;390
TOOLLEEN;3551;272
TOOLOME;3860;1
TOOLONDO;3401;160
TOOLONG;3285;92
TOOMBON;3825;38
TOONGABBIE;3856;540
TOORA;3962;575
TOORA NORTH;3962;147
TOORADIN;3980;780
TOORAK;3142;10536
TOORLOO ARM;3909;238
TOORONGO;3833;9
TOOTGAROOK;3941;3125
TORQUAY;3228;8417
TORRITA;3490;93
TORRUMBARRY;3562;243
TORWOOD;3821;21
TOSTAREE;3888;40
TOTTENHAM;3012;288
TOTTINGTON;3477;35
TOURELLO;3363;44
TOWAN;3596;50
TOWANINNY;3527;42
TOWANINNY SOUTH;3527;27
TOWER HILL;3283;52
TOWONG;3707;197
TOWONG UPPER;3707;36
TRAFALGAR;3824;2162
TRAFALGAR EAST;3824;222
TRAFALGAR SOUTH;3824;169
TRAGOWEL;3579;126
TRARALGON;3844;14469
TRARALGON EAST;3844;1053
TRARALGON SOUTH;3844;230
TRAVANCORE;3032;1621
TRAWALLA;3373;157
TRAWOOL;3660;87
TRAYNORS LAGOON;3477;70
TREMONT;3785;43
TRENTHAM;3458;922
TRENTHAM EAST;3458;135
TRESCO;3583;215
TRESCO WEST;3584;116
TRIDA;3953;69
TRUGANINA;3029;7627
TUBBUT;3888;42
TUERONG;3915;220
TULKARA;3384;11
TULLAMARINE;3043;6262
TUNGAMAH;3728;483
TUROAR;3546;38
TURRIFF;3488;73
TURRIFF EAST;3488;14
TURTONS CREEK;3960;59
TUTYE;3490;170
TYAAK;3658;66
TYABB;3913;1704
TYENNA;3533;7
TYERS;3844;410
TYLDEN;3444;335
TYLDEN SOUTH;3444;3
TYNONG;3813;240
TYNONG NORTH;3813;205
TYNTYNDER;3586;133
TYNTYNDER SOUTH;3586;118
TYRENDARRA;3285;216
TYRENDARRA EAST;3285;23
TYRRELL;3533;30
TYRRELL DOWNS;3533;29
ULLINA;3370;34
ULLSWATER;3318;62
ULTIMA;3544;284
ULTIMA EAST;3544;18
ULUPNA;3641;25
UNDERA;3629;296
UNDERBOOL;3509;320
UPOTIPOTPON;3669;68
UPPER FERNTREE GULLY;3156;1592
UPPER GUNDOWRING;3691;93
UPPER LURG;3673;67
UPPER PLENTY;3756;185
UPPER RYANS CREEK;3673;47
UPTON HILL;3664;29
UPWEY;3158;2832
VALENCIA CREEK;3860;173
VASEY;3407;45
VAUGHAN;3451;143
VECTIS;3401;203
VENTNOR;3922;1340
VENUS BAY;3956;2395
VERMONT;3133;5058
VERMONT SOUTH;3133;4749
VERVALE;3814;33
VESPER;3833;57
VICTORIA POINT;3294;41
VICTORIA VALLEY;3294;131
VIEWBANK;3084;2928
VINIFERA;3591;126
VIOLET TOWN;3669;746
VITE VITE;3325;47
VITE VITE NORTH;3325;38
W TREE;3885;81
WAAIA;3637;310
WAANYARRA;3551;113
WAARRE;3269;13
WABONGA;3678;8
WAGGARANDALL;3646;97
WAHGUNYAH;3687;669
WAHRING;3608;172
WAIL;3401;83
WAIREWA;3887;108
WAITCHIE;3544;156
WAL WAL;3385;166
WALDARA;3678;281
WALHALLA;3825;261
WALHALLA EAST;3825;2
WALKERVILLE;3956;302
WALKERVILLE NORTH;3956;65
WALKERVILLE SOUTH;3956;35
WALKERVILLE SOUTH;3959;4
WALLACE;3352;137
WALLACEDALE;3303;159
WALLAGARAUGH;3891;14
WALLALOO;3387;26
WALLALOO EAST;3387;54
WALLAN;3756;5667
WALLINDUC;3351;42
WALLINGTON;3222;622
WALLUP;3401;114
WALMER;3463;236
WALPA;3875;125
WALPEUP;3507;288
WALWA;3709;210
WANALTA;3612;61
WANDANA HEIGHTS;3216;844
WANDELLA;3579;66
WANDILIGONG;3744;411
WANDIN EAST;3139;219
WANDIN NORTH;3139;1407
WANDO BRIDGE;3312;54
WANDO VALE;3312;109
WANDONG;3758;638
WANDOWN;3549;6
WANGANDARY;3678;134
WANGARABELL;3891;41
WANGARATTA;3677;11032
WANGARATTA;3678;1
WANGARATTA SOUTH;3678;293
WANGIE;3530;31
WANGOOM;3279;138
WANNON;3301;121
WANTIRNA;3152;5800
WANTIRNA SOUTH;3152;8895
WARANGA;3616;8
WARANGA SHORES;3612;366
WARATAH BAY;3959;143
WARBURTON;3799;1574
WAREEK;3465;116
WARGAN;3505;65
WARMUR;3482;41
WARNCOORT;3243;105
WARNE;3530;34
WARNEET;3980;290
WARRABKOOK;3286;51
WARRACKNABEAL;3393;1790
WARRAGUL;3820;9171
WARRAGUL SOUTH;3821;141
WARRAGUL WEST;3821;27
WARRAK;3377;90
WARRANDYTE;3113;2363
WARRANDYTE SOUTH;3134;247
WARRANWOOD;3134;1751
WARRAYURE;3301;67
WARRENBAYNE;3670;155
WARRENHEIP;3352;341
WARRENMANG;3478;61
WARRION;3249;155
WARRNAMBOOL;3280;18445
WARROCK;3312;49
WARRONG;3283;73
WARTOOK;3401;134
WATCHEM;3482;181
WATCHEM WEST;3482;64
WATCHUPGA;3485;64
WATERFORD PARK;3658;101
WATERHOLES;3875;19
WATERLOO;3373;156
WATERWAYS;3195;798
WATSONIA;3085;1
WATSONIA;3087;2707
WATSONIA NORTH;3087;1501
WATSONS CREEK;3097;29
WATTLE BANK;3995;121
WATTLE CREEK;3384;31
WATTLE FLAT;3352;72
WATTLE GLEN;3096;673
WATTLE HILL;3237;16
WAUBRA;3352;202
WAURN PONDS;3216;1638
WAYGARA;3888;40
WEATHERBOARD;3352;44
WEDDERBURN;3518;1090
WEDDERBURN JUNCTION;3518;53
WEE WEE RUP;3568;57
WEEAPROINAH;3237;27
WEERING;3251;61
WEERITE;3260;75
WEHLA;3518;152
WELLSFORD;3551;85
WELSHMANS REEF;3462;192
WELSHPOOL;3966;285
WEMEN;3549;59
WENDOUREE;3355;6755
WENSLEYDALE;3241;97
WENTWORTH;3875;10
WERNETH;3352;108
WERONA;3364;75
WERRIBEE;3030;19725
WERRIBEE SOUTH;3030;1387
WERRIMULL;3496;208
WESBURN;3799;483
WEST BENDIGO;3550;268
WEST CREEK;3992;66
WEST FOOTSCRAY;3012;6551
WEST MELBOURNE;3003;4729
WEST WODONGA;3690;7120
WESTBURY;3825;89
WESTBY;3579;23
WESTMEADOWS;3049;2974
WESTMERE;3351;103
WHANREGARWEN;3714;105
WHARPARILLA;3564;299
WHEATSHEAF;3461;215
WHEELERS HILL;3150;8370
WHIPSTICK;3556;25
WHIRILY;3483;71
WHITE HILLS;3550;1824
WHITEHEADS CREEK;3660;233
WHITELAW;3950;15
WHITFIELD;3733;202
WHITLANDS;3678;66
WHITTINGTON;3219;2177
WHITTLESEA;3757;2796
WHOOREL;3243;27
WHOROULY;3735;254
WHOROULY EAST;3735;65
WHOROULY SOUTH;3735;72
WHROO;3612;152
WICKLIFFE;3379;155
WILBY;3728;189
WILD DOG VALLEY;3953;31
WILDWOOD;3429;117
WILKUR;3393;81
WILLANGIE;3485;62
WILLATOOK;3283;80
WILLAURA;3379;459
WILLAURA NORTH;3379;37
WILLENABRINA;3393;66
WILLIAMS LANDING;3027;2627
WILLIAMSTOWN;3016;7765
WILLIAMSTOWN NORTH;3016;1403
WILLOW GROVE;3825;334
WILLOWMAVIN;3764;162
WILLOWVALE;3360;12
WILLUNG;3847;87
WILLUNG SOUTH;3847;119
WILSONS HILL;3515;53
WILSONS PROMONTORY;3960;23
WIMBLEDON HEIGHTS;3922;362
WINCHELSEA;3241;1354
WINCHELSEA SOUTH;3241;111
WINDERMERE;3352;89
WINDSOR;3181;6076
WINGAN RIVER;3891;75
WINGEEL;3321;26
WINJALLOK;3477;36
WINLATON;3585;16
WINNAMBOOL;3546;21
WINNAP;3304;73
WINNINDOO;3858;85
WINSLOW;3281;234
WINTON;3673;98
WINTON NORTH;3673;12
WIRRATE;3608;44
WISELEIGH;3885;118
WODONGA;3690;11403
WOLLERT;3750;3844
WOMBAT CREEK;3888;36
WOMBELANO;3409;79
WON WRON;3971;214
WONGA;3960;52
WONGA PARK;3115;1464
WONGARRA;3234;81
WONGUNGARRA;3862;427
WONNANGATTA;3737;2
WONTHAGGI;3995;3765
WONWONDAH;3401;175
WONYIP;3962;58
WOOD WOOD;3596;74
WOODEND;3442;3124
WOODEND NORTH;3442;178
WOODFIELD;3715;77
WOODFORD;3281;224
WOODGLEN;3875;41
WOODHOUSE;3294;32
WOODLEIGH;3945;96
WOODS POINT;3723;194
WOODSIDE;3874;427
WOODSIDE BEACH;3874;138
WOODSIDE NORTH;3874;20
WOODSTOCK;3751;136
WOODSTOCK ON LODDON;3551;28
WOODSTOCK WEST;3463;35
WOODVALE;3556;337
WOOL WOOL;3249;38
WOOLAMAI;3995;172
WOOLENOOK;3860;25
WOOLSHED FLAT;3518;80
WOOLSTHORPE;3276;324
WOOMELANG;3485;273
WOORAGEE;3747;253
WOORARRA EAST;3962;42
WOORARRA WEST;3960;51
WOOREEN;3953;78
WOORI YALLOCK;3139;1354
WOORINEN;3589;181
WOORINEN NORTH;3589;71
WOORINEN SOUTH;3588;227
WOORNDOO;3272;202
WOOROONOOK;3525;54
WOOSANG;3518;48
WOOTONG VALE;3315;29
WORROWING;3858;2
WRATHUNG;3860;2
WRIXON;3860;4
WROXHAM;3891;12
WUK WUK;3875;86
WULGULMERANG;3885;36
WULGULMERANG EAST;3885;33
WULGULMERANG WEST;3885;37
WUNGHNU;3635;281
WURDIBOLUC;3241;63
WURRUK;3850;627
WY YUNG;3875;921
WYCHEPROOF;3527;603
WYCHEPROOF SOUTH;3527;34
WYCHITELLA;3525;84
WYCHITELLA NORTH;3525;27
WYE RIVER;3234;398
WYELANGTA;3237;191
WYNDHAM VALE;3024;8765
WYUNA;3620;271
WYUNA EAST;3620;71
YAAPEET;3424;159
YABBA NORTH;3646;121
YABBA SOUTH;3646;50
YACKANDANDAH;3749;1291
YALCA;3637;163
YALLA-Y-POORA;3378;21
YALLAMBIE;3085;1422
YALLOURN;3825;97
YALLOURN NORTH;3825;829
YALMY;3885;33
YAMBUK;3285;268
YAMBUNA;3621;85
YAN YEAN;3755;168
YANAC;3418;148
YANAKIE;3960;271
YANDO;3537;66
YANDOIT;3461;182
YANDOIT HILLS;3461;39
YANGERY;3283;70
YANGOURA;3858;9
YANNATHAN;3981;169
YAPEEN;3451;223
YARCK;3719;210
YARPTURK;3283;67
YARRA GLEN;3775;1557
YARRA JUNCTION;3797;1446
YARRABERB;3516;26
YARRAGON;3823;1014
YARRAGON SOUTH;3823;144
YARRAM;3971;1567
YARRAMBAT;3091;618
YARRAVILLE;3013;7750
YARRAWALLA;3575;81
YARRAWONGA;3730;5619
YARRAWONGA SOUTH;3730;28
YARROWEYAH;3644;350
YATCHAW;3301;46
YAWONG HILLS;3478;10
YEA;3717;1257
YELLINGBO;3139;311
YELTA;3505;181
YENDON;3352;178
YEO;3249;80
YEODENE;3249;93
YERING;3770;106
YEUNGROON;3525;57
YEUNGROON EAST;3525;22
YIELIMA;3638;93
YINNAR;3869;510
YINNAR SOUTH;3869;363
YORK PLAINS;3477;6
YOUANMITE;3646;111
YOUARANG;3728;61
YULECART;3301;103
YUNDOOL;3727;58
YUROKE;3063;68
YUULONG;3237;124
ZEERUST;3634;89
ZUMSTEINS;3401;11
